barcode;mms id
UM520060;
UM584586;
UM1013270;
UM1009709;
EM000007691886;
UM1008155;
UM1014526;
UM514610;
UM579757;
UM586802;
UM1012501;
UM1015338;
UM630380;
UM585257;
UM634413;
UM584106;
um633520;
EM000007829638;
UM520306;
UM520307;
UM520308;
UM520309;
UM520310;
UM520311;
UM520312;
UM520313;
UM520314;
UM520315;
UM579855;
UM579856;
UM579854;
UM579853;
UM579852;
UM579851;
UM579860;
UM579859;
UM579858;
UM579857;
EM000005531837;
UM637342;
UM1009600;
UM1014333;
UM1010167;
UM1009591;
UM1006309;
UM1006980;
UM634393;
EM000006372251;
EM000005532846;
UM579329;
UM634247;
UM1008301;
EM000008201443;
UM1008150;
UM1015043;
EM000008202010;
UM519743;
UM524031;
UM517945;
EM000008201032;
UM522088;
UM518288;
EM000008201089;
UM522096;
UM517876;
UM517940;
UM1006103;
UM1012438;
UM1012015;
UM1015501;
EM000006373382;
UM1014032;
UM1012514;
UM1012515;
UM1012658;
UM1012447;
UM1012446;
UM1012445;
UM1012560;
UM1013072;
UM1012516;
UM1012518;
UM1012519;
UM1012520;
UM1012521;
UM1012522;
UM1012523;
UM1012525;
UM1012563;
UM1012561;
UM1012526;
UM1012524;
UM1012527;
UM1012517;
UM1012562;
UM633400;
UM1015180;
UM1008216;
UM520541;
EM000006518333;
UM630367;
UM1006869;
UM520661;
EM000007691020;
UM1009300;
UM1005497;
UM1014441;
UM519340;
UM521495;
UM517566;
UM1011476;
UM1006868;
UM1004976;
UM514553;
UM521496;
UM521494;
UM1005377;
UM1005390;
UM1005370;
UM1005375;
UM1005381;
UM518010;
UM637264;
UM522134;
UM517252;
UM632750;
UM1005482;
UM518035;
UM519174;
UM522177;
EM000006373980;
EM000006373927;
UM579288;
UM519819;
UM527749;
UM1009360;
um1009359;
UM518134;
UM582273;
UM518361;
UM1005503;
UM578468;
UM1005502;
UM1005621;
UM516573;
UM522939;
UM516574;
UM518216;
UM518206;
UM1011307;
UM522990;
UM1005393;
UM1012710;
UM513341;
EM000006373261;
UM1011220;
UM1009783;
UM518049;
UM1008873;
UM1011355;
EM000006372571;
UM522890;
EM000006344940;
UM526856;
UM585235;
EM000006373090;
UM526860;
EM000006373344;
UM1009233;
UM518351;
UM522933;
UM517280;
EM000006373297;
EM000006372707;
UM518438;
UM1005499;
UM1003693;
UM513215;
UM524037;
UM522427;
EM000006332578;
UM633958;
UM633738;
UM633961;
EM000006518020;
UM633739;
EM000006518915;
UM513173;
UM523541;
UM514863;
UM518413;
UM527042;
UM517826;
UM518420;
UM518679;
UM1015145;
UM1014134;
UM518473;
UM637262;
UM513592;
UM514555;
UM1015344;
EM000006373446;
UM633731;
UM518387;
UM1015606;
UM1012040;
UM1005815;
UM633723;
UM637263;
UM521098;
UM518440;
UM1012999;
UM518451;
UM519273;
UM1015065;
UM1009625;
UM513221;
UM520600;
UM518608;
UM1005372;
UM518494;
UM578966;
UM1005366;
UM582703;
UM1005388;
UM519882;
UM518372;
UM518444;
UM633734;
UM1007407;
UM519447;
UM524759;
UM516044;
UM519262;
UM513291;
UM518391;
UM520040;
UM513220;
UM519047;
UM518976;
UM519652;
UM518928;
UM1005620;
UM518666;
UM519119;
UM519120;
UM633732;
UM519123;
UM518907;
UM1015622;
UM519521;
UM1008127;
UM518680;
UM1011215;
UM1011118;
UM519546;
UM518675;
UM518737;
UM1006999;
UM518500;
UM582334;
EM000008203306;
UM633610;
EM000008204927;
EM000008204200;
UM518710;
UM514908;
UM523529;
UM632752;
UM628240;
UM1014746;
UM1015337;
EM000008204328;
UM628241;
EM000008201963;
EM000008203218;
UM1010633;
UM633621;
UM514650;
UM519118;
UM518550;
UM1009784;
UM584019;
UM1011214;
UM578960;
UM1010301;
UM519077;
UM578965;
UM1007165;
UM1012724;
UM1015362;
UM633727;
UM633733;
UM1005376;
UM518888;
UM518950;
UM633728;
UM519388;
UM519001;
UM1011306;
UM519415;
UM582167;
UM1005361;
UM582546;
UM519380;
UM518676;
UM518687;
UM633729;
UM519241;
UM521238;
UM1006208;
UM1005630;
UM519255;
UM633726;
UM1009661;
UM1015164;
UM518872;
UM1013913;
UM519653;
UM519648;
UM519655;
UM519514;
UM519498;
UM519177;
UM519243;
UM519663;
UM1008569;
UM1004347;
UM519606;
UM634901;
UM514865;
UM518947;
UM634077;
UM519611;
UM519124;
UM519138;
UM519137;
UM519139;
EM000008201143;
UM582015;
UM1015607;
UM1012086;
UM584261;
UM519122;
UM523532;
UM519612;
UM519526;
UM582115;
UM521631;
UM519299;
EM000008201986;
UM582650;
UM519543;
EM000008201095;
UM633721;
UM628524;
UM633741;
UM519747;
UM519748;
UM518972;
UM519591;
UM524138;
UM527961;
UM579117;
EM000008202580;
UM1011659;
UM1011660;
UM1011661;
UM1010291;
EM000008203077;
UM518300;
UM634001;
UM518292;
UM518273;
UM518341;
UM518289;
UM520810;
UM629333;
UM1013083;
UM522190;
UM518465;
UM518290;
UM1005360;
UM518681;
UM518265;
UM1004161;
UM518484;
EM000008205464;
UM1015716;
UM1015717;
UM1015715;
UM586657;
UM579035;
UM518274;
UM523558;
UM518260;
UM516054;
UM525458;
UM525459;
UM630654;
UM518492;
UM518493;
UM1014080;
UM519099;
UM521298;
UM1009506;
UM519412;
UM633725;
UM519368;
UM519757;
UM524151;
UM519513;
UM586674;
UM518688;
UM518677;
UM518678;
UM519430;
UM519627;
UM1003591;
UM633722;
UM518684;
UM628759;
E97E1;
E97E1;
E97E1;
UM637261;
UM1003975;
UM634599;
EM000005533755;
UM524685;
UM1005373;
UM1006029;
UM1005631;
UM1009341;
UM586323;
UM1014617;
UM1005600;
UM1008926;
UM1005501;
UM1008139;
UM1006998;
UM1005817;
UM524322;
UM520687;
UM520644;
UM1003345;
UM520673;
EM000005531486;
UM520732;
UM520723;
UM513617;
UM584620;
UM634894;
EM000005533781;
EM000008679106;
E97E1;
UM1014610;
UM1012906;
UM586652;
UM633996;
UM1014848;
UM1015440;
UM1007971;
UM586458;
UM633156;
UM633157;
UM582924;
UM633158;
UM1008075;
UM633735;
UM633736;
UM1012584;
UM1014866;
UM1014343;
UM1015439;
UM1015681;
UM525837;
UM633159;
UM1012586;
UM633160;
UM520014;
UM519363;
UM519364;
UM519362;
UM628541;
UM579916;
UM582700;
UM1007969;
UM520013;
UM520015;
UM1007968;
UM1005363;
UM1005387;
UM1004450;
UM1013485;
UM1014838;
UM520231;
UM514095;
UM520029;
UM1009866;
UM1008591;
UM586106;
UM632029;
UM513342;
UM1008128;
UM579791;
UM635904;
UM579291;
UM519959;
UM519945;
UM584347;
UM519933;
UM582087;
UM513129;
UM630739;
UM519961;
UM1006926;
UM1014193;
UM522502;
UM518227;
UM522523;
UM522606;
EM000006344402;
UM634593;
UM1014248;
UM1011131;
UM522795;
UM1012022;
UM1006870;
UM522650;
UM1012793;
EM000006373894;
UM522562;
EM000005533617;
UM1008329;
EM000006651119;
UM522583;
UM523795;
UM522560;
UM522582;
UM514155;
UM1013517;
UM522558;
UM1003269;
UM522796;
UM526237;
UM522568;
UM1003445;
UM1008154;
UM522561;
UM1010219;
UM523798;
EM000006651347;
UM522813;
UM522817;
UM522590;
UM1005635;
UM1011579;
UM1015612;
UM519907;
UM519918;
UM582698;
UM582699;
UM517231;
UM519976;
EM000006372590;
UM517501;
UM1004451;
UM527433;
UM584005;
UM520780;
UM1005633;
UM584007;
UM584006;
UM527991;
UM1014531;
UM513566;
UM1015431;
UM633365;
UM1015480;
UM578992;
UM513328;
UM582441;
UM520648;
UM514163;
UM579162;
UM1014779;
UM1015216;
UM582705;
UM520647;
UM1009610;
UM525041;
UM633074;
UM1008769;
UM1009955;
UM584545;
UM1014778;
EM000006373357;
EM000006373358;
EM000006373243;
EM000006373885;
EM000005531986;
EM000005531475;
EM000005531474;
EM000006652145;
UM524774;
EM000007829707;
EM000007187964;
EM000006519890;
UM519435;
UM1008469;
UM519358;
UM630076;
UM521743;
EM000006651349;
EM000006332360;
EM000006332358;
EM000006332359;
em000006372254;
EM000006332702;
EM000006332491;
EM000006332721;
EM000008203178;
EM000006344449;
EM000005531347;
EM000006332709;
EM000006344203;
EM000006372937;
EM000006344340;
EM000006332770;
EM000006373814;
EM000006344526;
EM000005531571;
EM000006373625;
EM000005531759;
EM000005531090;
EM000006332510;
UM521000;
EM000005531442;
EM000006372084;
EM000005533480;
EM000005531359;
UM523497;
EM000005533336;
EM000005532858;
EM000005531349;
EM000007828330;
EM000005531164;
EM000007828273;
EM000005531529;
UM518152;
EM000005531651;
EM000005533759;
EM000006518595;
EM000006332757;
EM000006332573;
EM000005613021;
EM000005531240;
EM000005532162;
EM000005533645;
EM000007188869;
EM000008205489;
EM000006332387;
EM000007188872;
EM000005533963;
EM000007828417;
EM000006652149;
EM000007829708;
EM000005533861;
EM000006332902;
EM000006332603;
EM000006344322;
EM000007829874;
EM000006373322;
EM000006373052;
EM000006372065;
EM000006344089;
EM000007829709;
EM000006332689;
EM000006332841;
EM000005533767;
EM000005533877;
EM000006373251;
EM000005533762;
EM000005533764;
EM000005533770;
EM000006373049;
EM000008202676;
EM000006344181;
EM000005533772;
EM000005531530;
UM513056;
EM000006332891;
EM000005532420;
EM000006373735;
EM000005533931;
UM579142;
UM522700;
EM000008201079;
EM000006332193;
UM1013616;
UM630317;
UM519128;
UM526838;
UM584312;
UM1006542;
EM000007829441;
EM000005531302;
EM000006518027;
EM000006344956;
EM000006518671;
EM000006373662;
EM000006372935;
EM000006372118;
UM582137;
EM000006373377;
EM000006372686;
EM000005533856;
EM000006373673;
EM000006652201;
EM000005533884;
EM000005532414;
EM000006652886;
EM000006372734;
UM516043;
EM000007828596;
EM000005531364;
EM000007691149;
EM000005531223;
UM516981;
EM000006373663;
UM525852;
EM000005531657;
UM582241;
EM000006652235;
EM000007691270;
EM000006519806;
UM582304;
EM000006373795;
UM584642;
EM000006373799;
EM000006373798;
EM000006373712;
EM000006373801;
EM000006373745;
UM521851;
EM000007829978;
UM634059;
EM000008204541;
EM000006373822;
EM000006373596;
EM000006373648;
EM000005532412;
EM000005532410;
UM521835;
EM000006373680;
UM521812;
EM000005532411;
EM000006372430;
EM000005533886;
EM000005531459;
EM000005531458;
EM000006373659;
EM000006373800;
EM000006372933;
EM000005531791;
EM000005531210;
UM514977;
EM000006372959;
EM000006344957;
EM000006373810;
EM000006373805;
EM000006332688;
EM000006518021;
EM000006372774;
EM000006372915;
EM000006373617;
EM000006373802;
UM518191;
EM000006373451;
EM000005533535;
UM522443;
UM1011279;
EM000006518933;
UM518094;
EM000006373721;
EM000007691972;
EM000005531511;
EM000006344941;
UM522201;
EM000006373793;
EM000006332108;
EM000007829650;
EM000006373730;
UM578078;
EM000006372244;
UM522285;
UM522238;
EM000006372946;
EM000006332541;
UM522255;
EM000006372057;
UM578002;
EM000006373719;
EM000006373482;
UM513098;
UM522308;
UM522474;
EM000006652308;
EM000006373416;
UM522314;
EM000006518070;
EM000006373828;
EM000005532856;
UM522380;
UM522303;
EM000006373685;
EM000006372904;
EM000006373439;
EM000006372711;
EM000006372944;
EM000006373346;
EM000006373756;
EM000006372950;
EM000006373603;
EM000006373724;
EM000006373595;
EM000006332925;
EM000006372242;
EM000006332878;
EM000006372821;
EM000005533552;
EM000006652236;
EM000005532242;
EM000006372749;
EM000005532413;
EM000006344961;
EM000006373755;
EM000006344984;
EM000005532409;
EM000006373838;
EM000006652365;
EM000005531282;
EM000006373713;
UM519126;
EM000006373385;
EM000006372961;
EM000006373378;
EM000005531761;
EM000006332890;
EM000007187669;
EM000006332774;
EM000006373951;
EM000006332527;
UM518140;
EM000006652405;
EM000006332531;
EM000006332401;
EM000006373754;
EM000006372243;
EM000006332756;
UM516965;
EM000006373578;
EM000006372411;
EM000008203148;
EM000006373589;
UM1014149;
EM000005531505;
EM000006373477;
EM000006344993;
EM000005531166;
EM000006372586;
EM000006373723;
EM000006373774;
EM000006373644;
EM000006332514;
EM000005531987;
EM000008204904;
EM000006373491;
EM000006651241;
EM000005531062;
EM000006650675;
EM000006373129;
EM000006372901;
EM000005531849;
EM000008202754;
EM000006344949;
EM000005532939;
Barcode;
EM000008205668;
EM000006650034;
EM000006650664;
EM000008203109;
EM000006650633;
EM000007187279;
EM000006344013;
EM000006372671;
EM000006344506;
EM000006372717;
EM000006372720;
EM000006372784;
EM000006650627;
EM000006373837;
EM000008201237;
EM000005531955;
EM000006372902;
EM000006373124;
EM000006372703;
EM000006373123;
UM521891;
UM521889;
EM000006652333;
EM000007691065;
UM524749;
UM629989;
EM000006518604;
UM518635;
UM578938;
UM630164;
UM518570;
UM578944;
UM519127;
UM518576;
UM578943;
UM518256;
UM518574;
UM518580;
UM518568;
UM578941;
UM518575;
UM518579;
UM518623;
UM518624;
UM578939;
UM518569;
UM513611;
UM578940;
UM527062;
UM582119;
EM000006373573;
EM000006373133;
UM518245;
UM518248;
EM000005533565;
EM000006373731;
UM521786;
UM579846;
UM579850;
UM579848;
UM579845;
UM579849;
UM579847;
UM1003941;
UM519134;
UM519135;
EM000006344947;
EM000006372692;
EM000006372695;
EM000005532109;
UM578934;
UM1011592;
EM000005533778;
UM518257;
EM000008202560;
UM518801;
UM518800;
UM582048;
UM519131;
UM518515;
UM519359;
EM000006518360;
UM1006879;
UM1006878;
UM517465;
UM1014393;
UM525885;
UM1005622;
um519731;
um519732;
UM637267;
EM000006372443;
EM000006373483;
UM1008874;
EM000005531988;
EM000005531989;
EM000007187447;
EM000007187914;
EM000006650630;
EM000006518870;
UM1012691;
UM518871;
UM518735;
UM582354;
UM584224;
UM582859;
UM518894;
UM1007026;
UM582156;
UM578080;
UM1014215;
UM518975;
UM518957;
UM519038;
UM1010001;
UM582485;
UM1012435;
EM000007828407;
UM582113;
UM1010196;
UM633378;
UM518803;
UM519061;
UM518247;
UM518567;
UM518566;
UM1005618;
UM518851;
UM1012609;
UM584201;
UM586331;
UM518582;
UM518565;
UM578945;
UM518571;
UM582198;
UM518585;
UM518577;
UM578942;
UM518573;
UM518791;
UM519542;
UM525100;
UM584329;
UM1011462;
UM519544;
EM000005531279;
UM527680;
EM000007187081;
EM000005531281;
UM518946;
UM582166;
UM518667;
UM514581;
UM523708;
UM518788;
UM518817;
UM524456;
UM586338;
EM000006373911;
UM518815;
UM1014326;
UM1009337;
UM519540;
UM1013106;
UM579908;
UM1006140;
UM1014395;
UM519428;
UM1014189;
EM000008203702;
UM518243;
UM634011;
UM519125;
UM519129;
UM582017;
UM1012172;
UM519616;
UM1014264;
UM582413;
UM1006461;
UM518446;
UM584845;
UM582201;
UM1014259;
UM519043;
UM584225;
UM1014274;
UM519630;
UM524625;
UM524531;
UM519629;
UM584622;
UM584631;
UM584625;
UM582905;
UM527362;
UM579833;
UM519556;
UM579829;
UM1008652;
UM1012049;
UM519130;
EM000008201858;
UM518223;
UM629190;
UM522719;
UM519745;
UM519746;
UM519578;
UM1009040;
UM1003266;
UM1006969;
UM630293;
UM518249;
UM518811;
UM519552;
UM586330;
UM584363;
UM519670;
UM518252;
UM526823;
UM518244;
UM1009905;
UM518246;
UM518736;
UM518254;
UM518255;
UM522675;
UM513249;
UM1014345;
UM519562;
UM513064;
UM1003138;
UM519212;
UM516297;
UM630543;
UM630546;
UM518802;
UM586329;
UM514197;
EM000005531277;
UM518405;
UM1006449;
UM518756;
EM000007187253;
UM630004;
UM518584;
UM521844;
UM586335;
UM518392;
UM527364;
EM000008202123;
UM1008906;
EM000006518817;
EM000007188575;
UM1003827;
UM519466;
EM000006332192;
EM000007187890;
EM000005531346;
UM1012146;
EM000006344991;
EM000006372872;
UM518358;
UM1011069;
EM000006520049;
UM630955;
UM630616;
UM513289;
UM1005364;
UM517840;
UM1003601;
UM518287;
UM518771;
UM521638;
EM000006373847;
UM518435;
EM000008678399;
UM585959;
UM523668;
EM000006372766;
UM582760;
UM1005106;
EM000008201609;
EM000006372882;
UM518258;
UM1008219;
UM1005279;
UM582734;
UM579832;
UM586340;
UM1006674;
UM1010000;
UM518259;
EM000008203604;
UM518572;
UM586343;
UM586762;
UM1005896;
UM1008218;
UM519121;
UM1004810;
UM1009962;
UM521637;
UM519493;
UM519494;
UM519467;
UM519421;
UM513296;
UM519395;
UM519403;
UM518531;
UM579682;
UM586333;
UM519417;
UM524303;
UM519446;
UM628461;
UM1014777;
UM1011101;
UM1014147;
UM1006304;
UM519433;
UM1009613;
UM1007687;
UM1008551;
UM1013192;
UM1010098;
UM1011731;
UM582918;
UM527375;
UM518583;
UM1014759;
UM582604;
UM524310;
UM527415;
UM519489;
UM524017;
UM527690;
UM586334;
UM579134;
UM1005702;
UM518449;
UM518462;
UM634054;
UM513290;
UM518452;
UM525091;
EM000006372677;
EM000007188185;
EM000005533838;
EM000006344958;
EM000006518304;
EM000006518305;
EM000006518639;
EM000006372748;
UM578937;
EM000005531766;
EM000006373475;
UM1006022;
EM000006372685;
EM000006518873;
EM000006373581;
EM000005533892;
EM000007691061;
UM1010603;
UM1006063;
EM000005531345;
EM000007187550;
EM000006372762;
EM000007691063;
EM000007691062;
EM000007691167;
EM000006373601;
EM000005531276;
EM000007187665;
UM517750;
EM000005533814;
EM000005531316;
EM000005531315;
EM000006372741;
EM000006651316;
UM1012003;
UM1012004;
EM000006372768;
EM000006373345;
EM000005533024;
EM000005531492;
EM000006518420;
EM000005533909;
um1010206;
um1012143;
