;barcode;mms id
0;UM520060;990057361860205510
1;UM584586;990057375240205510
2;UM1013270;990055477840205510
3;UM1009709;990063876120205510
4;EM000007691886;990101668250205510
5;UM1008155;990057623240205510
6;UM1014526;990057590390205510
7;UM514610;990058185850205510
8;UM579757;990057730080205510
9;UM586802;990057620430205510
10;UM1012501;990066856190205510
11;UM1015338;990100397730205510
12;UM630380;990057620350205510
13;UM585257;990057590300205510
14;UM634413;990057387360205510
15;UM584106;990057677910205510
16;UM633520;990057622360205510
17;EM000007829638;990102585830205510
18;UM520306;990002475980205510
19;UM520307;990002475970205510
20;UM520308;990002334380205510
21;UM520309;990002334510205510
22;UM520310;990008636570205510
23;UM520311;990008636580205510
24;UM520312;990008636590205510
25;UM520313;990008636600205510
26;UM520314;990008636610205510
27;UM520315;990006806800205510
28;UM579855;990008755300205510
29;UM579856;990003470270205510
30;UM579854;990008755310205510
31;UM579853;990008755320205510
32;UM579852;990008755330205510
33;UM579851;990008755340205510
34;UM579860;990008755350205510
35;UM579859;990008755360205510
36;UM579858;990008755370205510
37;UM579857;990003275570205510
38;EM000005531837;990043221520205510
39;UM637342;990057391680205510
40;UM1009600;990061448460205510
41;UM1014333;990068776490205510
42;UM1010167;990061853850205510
43;UM1009591;990064483850205510
44;UM1006309;990059304300205510
45;UM1006980;990059304300205510
46;UM634393;990057387260205510
47;EM000006372251;990051411020205510
48;EM000005532846;990053280250205510
49;UM579329;990046468790205510
50;UM634247;990055513240205510
51;UM1008301;990058392450205510
52;EM000008201443;990100831640205510
53;UM1008150;990054210730205510
54;UM1015043;990065672860205510
55;EM000008202010;990102065170205510
56;UM519743;990012143820205510
57;UM524031;990057359980205510
58;UM517945;990012631350205510
59;EM000008201032;990101725890205510
60;UM522088;990057374160205510
61;UM518288;990057340470205510
62;EM000008201089;990104295180205510
63;UM522096;990057344000205510
64;UM517876;990057368110205510
65;UM517940;990057374320205510
66;UM1006103;990060508300205510
67;UM1012438;990066159170205510
68;UM1012015;990064139620205510
69;UM1015501;990101139100205510
70;EM000006373382;990055867410205510
71;UM1014032;990057495850205510
72;UM1012514;990061793750205510
73;UM1012515;990057508080205510
74;UM1012658;990069948840205510
75;UM1012447;990061793620205510
76;UM1012446;990016934980205510
77;UM1012445;990016935050205510
78;UM1012560;990016935160205510
79;UM1013072;990016935700205510
80;UM1012516;990057500500205510
81;UM1012518;990016936040205510
82;UM1012519;990067112490205510
83;UM1012520;990016936210205510
84;UM1012521;990004149930205510
85;UM1012522;990004149930205510
86;UM1012523;990004149930205510
87;UM1012525;990013785450205510
88;UM1012563;990006684130205510
89;UM1012561;990004598780205510
90;UM1012526;990016936780205510
91;UM1012524;990067112880205510
92;UM1012527;990011614250205510
93;UM1012517;990067092300205510
94;UM1012562;990006684130205510
95;UM633400;990052081910205510
96;UM1015180;990076353250205510
97;UM1008216;990051671520205510
98;UM520541;990049698680205510
99;EM000006518333;990056753800205510
100;UM630367;990051802870205510
101;UM1006869;990061908330205510
102;UM520661;990057328630205510
103;EM000007691020;'bib_data'
104;UM1009300;'bib_data'
105;UM1005497;'bib_data'
106;UM1014441;'bib_data'
107;UM519340;'bib_data'
108;UM521495;'bib_data'
109;UM517566;'bib_data'
110;UM1011476;990100518650205510
111;UM1006868;'bib_data'
112;UM1004976;'bib_data'
113;UM514553;'bib_data'
114;UM521496;'bib_data'
115;UM521494;'bib_data'
116;UM1005377;990056877380205510
117;UM1005390;990050773610205510
118;UM1005370;990054174660205510
119;UM1005375;990057391530205510
120;UM1005381;990051671190205510
121;UM518010;'bib_data'
122;UM637264;990054344160205510
123;UM522134;990057368940205510
124;UM517252;'bib_data'
125;UM632750;'bib_data'
126;UM1005482;'bib_data'
127;UM518035;'bib_data'
128;UM519174;'bib_data'
129;UM522177;'bib_data'
130;EM000006373980;'bib_data'
131;EM000006373927;'bib_data'
132;UM579288;'bib_data'
133;UM519819;'bib_data'
134;UM527749;'bib_data'
135;UM1009360;990063615410205510
136;UM1009359;990063615410205510
137;UM518134;'bib_data'
138;UM582273;'bib_data'
139;UM518361;'bib_data'
140;UM1005503;'bib_data'
141;UM578468;'bib_data'
142;UM1005502;'bib_data'
143;UM1005621;990057923270205510
144;UM516573;'bib_data'
145;UM522939;'bib_data'
146;UM516574;'bib_data'
147;UM518216;'bib_data'
148;UM518206;'bib_data'
149;UM1011307;'bib_data'
150;UM522990;990038456140205510
151;UM1005393;990057391500205510
152;UM1012710;'bib_data'
153;UM513341;'bib_data'
154;EM000006373261;'bib_data'
155;UM1011220;'bib_data'
156;UM1009783;'bib_data'
157;UM518049;'bib_data'
158;UM1008873;990054157870205510
159;UM1011355;990099945790205510
160;EM000006372571;'bib_data'
161;UM522890;'bib_data'
162;EM000006344940;'bib_data'
163;UM526856;'bib_data'
164;UM585235;'bib_data'
165;EM000006373090;'bib_data'
166;UM526860;'bib_data'
167;EM000006373344;'bib_data'
168;UM1009233;990062381800205510
169;UM518351;'bib_data'
170;UM522933;'bib_data'
171;UM517280;'bib_data'
172;EM000006373297;'bib_data'
173;EM000006372707;'bib_data'
174;UM518438;'bib_data'
175;UM1005499;'bib_data'
176;UM1003693;'bib_data'
177;UM513215;'bib_data'
178;UM524037;'bib_data'
179;UM522427;'bib_data'
180;EM000006332578;990011379570205510
181;UM633958;990044711010205510
182;UM633738;990057385860205510
183;UM633961;990043561380205510
184;EM000006518020;990056337620205510
185;UM633739;990057385850205510
186;EM000006518915;990017301020205510
187;UM513173;990018900310205510
188;UM523541;990006971020205510
189;UM514863;990020854730205510
190;UM518413;990012670780205510
191;UM527042;990017826280205510
192;UM517826;990044569150205510
193;UM518420;990006874550205510
194;UM518679;990005834830205510
195;UM1015145;990099583120205510
196;UM1014134;990066947130205510
197;UM518473;990006961310205510
198;UM637262;990057037760205510
199;UM513592;990045560970205510
200;UM514555;990006916670205510
201;UM1015344;990100933560205510
202;EM000006373446;990005756670205510
203;UM633731;990052203280205510
204;UM518387;990002048180205510
205;UM1015606;990103527440205510
206;UM1012040;990064450180205510
207;UM1005815;990058324080205510
208;UM633723;990052211470205510
209;UM637263;990056532040205510
210;UM521098;990044795450205510
211;UM518440;990005280930205510
212;UM1012999;990071784170205510
213;UM518451;990015795620205510
214;UM519273;990013199260205510
215;UM1015065;990097549540205510
216;UM1009625;990062257880205510
217;UM513221;990038141090205510
218;UM520600;990014725490205510
219;UM518608;990015260780205510
220;UM1005372;990054041060205510
221;UM518494;990020224560205510
222;UM578966;990043539290205510
223;UM1005366;990057391440205510
224;UM582703;990044649970205510
225;UM1005388;990057391400205510
226;UM519882;990020260140205510
227;UM518372;990010726160205510
228;UM518444;990011886280205510
229;UM633734;990057385920205510
230;UM1007407;990062792030205510
231;UM519447;990017113770205510
232;UM524759;990016772150205510
233;UM516044;990045083410205510
234;UM519262;990043412960205510
235;UM513291;990038122550205510
236;UM518391;990017395870205510
237;UM520040;990044403140205510
238;UM513220;990038169080205510
239;UM519047;990040058430205510
240;UM518976;990057345500205510
241;UM519652;990016819490205510
242;UM518928;990016209500205510
243;UM1005620;990057923580205510
244;UM518666;990018155820205510
245;UM519119;990038628250205510
246;UM519120;990020728920205510
247;UM633732;990053129410205510
248;UM519123;990038684120205510
249;UM518907;990044481750205510
250;UM1015622;990103642610205510
251;UM519521;990013752750205510
252;UM1008127;990058175630205510
253;UM518680;990005245000205510
254;UM1011215;990099080180205510
255;UM1011118;990076350390205510
256;UM519546;990042362000205510
257;UM518675;990055582660205510
258;UM518737;990056571100205510
259;UM1006999;990062678340205510
260;UM518500;990041989760205510
261;UM582334;990005261890205510
262;EM000008203306;990111788600205510
263;UM633610;990057385510205510
264;EM000008204927;990115636810205510
265;EM000008204200;990110877410205510
266;UM518710;990057335650205510
267;UM514908;990049246710205510
268;UM523529;990041420140205510
269;UM632752;990048292070205510
270;UM628240;990050640770205510
271;UM1014746;990075527650205510
272;UM1015337;990100913790205510
273;EM000008204328;990113116430205510
274;UM628241;990057335590205510
275;EM000008201963;990107119400205510
276;EM000008203218;990111602940205510
277;UM1010633;990097545630205510
278;UM633621;990044483100205510
279;UM514650;990060383980205510
280;UM519118;990060383870205510
281;UM518550;990020740970205510
282;UM1009784;990065933440205510
283;UM584019;990043723620205510
284;UM1011214;990099079930205510
285;UM578960;990040706390205510
286;UM1010301;990072876920205510
287;UM519077;990042999980205510
288;UM578965;990044624260205510
289;UM1007165;990059233840205510
290;UM1012724;990073048810205510
291;UM1015362;990100470730205510
292;UM633727;990057385890205510
293;UM633733;990053477100205510
294;UM1005376;990052750900205510
295;UM518888;990009435500205510
296;UM518950;990057333690205510
297;UM633728;990057385880205510
298;UM519388;990057341810205510
299;UM519001;990042448160205510
300;UM1011306;990099249460205510
301;UM519415;990002492610205510
302;UM582167;990017536000205510
303;UM1005361;990057391390205510
304;UM582546;990006991760205510
305;UM519380;990008905490205510
306;UM518676;990057331510205510
307;UM518687;990006991720205510
308;UM633729;990054524880205510
309;UM519241;990016690570205510
310;UM521238;990042815670205510
311;UM1006208;990060792550205510
312;UM1005630;990057924010205510
313;UM519255;990019543580205510
314;UM633726;990057385900205510
315;UM1009661;990065104650205510
316;UM1015164;990099420950205510
317;UM518872;990010747100205510
318;UM1013913;990076359630205510
319;UM519653;990017793430205510
320;UM519648;990014598510205510
321;UM519655;990009261330205510
322;UM519514;990045247990205510
323;UM519498;990057366170205510
324;UM519177;990015969920205510
325;UM519243;990017972470205510
326;UM519663;990038370680205510
327;UM1008569;990059272460205510
328;UM1004347;990058126290205510
329;UM519606;990019639090205510
330;UM634901;990049262320205510
331;UM514865;990057346130205510
332;UM518947;990017420160205510
333;UM634077;990042356410205510
334;UM519611;990038582650205510
335;UM519124;990057357510205510
336;UM519138;990058742510205510
337;UM519137;990057335710205510
338;UM519139;990058742530205510
339;EM000008201143;990104693600205510
340;UM582015;990057373400205510
341;UM1015607;990103532590205510
342;UM1012086;990064637100205510
343;UM584261;990043351020205510
344;UM519122;990057357500205510
345;UM523532;990038422030205510
346;UM519612;990017120220205510
347;UM519526;990013725980205510
348;UM582115;990017561550205510
349;UM521631;990019552110205510
350;UM519299;990012158280205510
351;EM000008201986;990106986360205510
352;UM582650;990057374530205510
353;UM519543;990057333860205510
354;EM000008201095;990103765540205510
355;UM633721;990050514980205510
356;UM628524;990057378890205510
357;UM633741;990052211390205510
358;UM519747;990057354610205510
359;UM519748;990057354610205510
360;UM518972;990016128850205510
361;UM519591;990016941330205510
362;UM524138;990044529060205510
363;UM527961;990057371240205510
364;UM579117;990057371460205510
365;EM000008202580;990104534540205510
366;UM1011659;990058253120205510
367;UM1011660;990058253120205510
368;UM1011661;990058253120205510
369;UM1010291;990072175870205510
370;EM000008203077;990111301890205510
371;UM518300;990038810220205510
372;UM634001;990054860590205510
373;UM518292;990057356590205510
374;UM518273;990057350520205510
375;UM518341;990057353710205510
376;UM518289;990057340490205510
377;UM520810;990010916340205510
378;UM629333;990016045750205510
379;UM1013083;990066770050205510
380;UM522190;990005098470205510
381;UM518465;990006078970205510
382;UM518290;990057352130205510
383;UM1005360;990057391460205510
384;UM518681;990011644480205510
385;UM518265;990057328690205510
386;UM1004161;990019995970205510
387;UM518484;990057344430205510
388;EM000008205464;990057383320205510
389;UM1015716;990105312570205510
390;UM1015717;990105312570205510
391;UM1015715;990105312580205510
392;UM586657;990057379400205510
393;UM579035;990057371320205510
394;UM518274;990011421870205510
395;UM523558;990057349550205510
396;UM518260;990057349680205510
397;UM516054;990045471720205510
398;UM525458;990008605960205510
399;UM525459;990008605960205510
400;UM630654;990057383100205510
401;UM518492;990057359540205510
402;UM518493;990046079970205510
403;UM1014080;990066771630205510
404;UM519099;990020191800205510
405;UM521298;990046102110205510
406;UM1009506;990064698600205510
407;UM519412;990016903640205510
408;UM633725;990057385910205510
409;UM519368;990058611090205510
410;UM519757;990058611090205510
411;UM524151;990057341860205510
412;UM519513;990057367080205510
413;UM586674;990057367080205510
414;UM518688;990013368460205510
415;UM518677;990057329930205510
416;UM518678;990008951570205510
417;UM519430;990057344350205510
418;UM519627;990044913690205510
419;UM1003591;990059960990205510
420;UM633722;990057385930205510
421;UM518684;990014292600205510
422;UM628759;990057379800205510
423;E97E1;'bib_data'
424;E97E1;'bib_data'
425;E97E1;'bib_data'
426;UM637261;990057391510205510
427;UM1003975;990064359430205510
428;UM634599;990046237450205510
429;EM000005533755;990051531590205510
430;UM524685;990038649430205510
431;UM1005373;990057391540205510
432;UM1006029;990060080840205510
433;UM1005631;990057924070205510
434;UM1009341;990063413950205510
435;UM586323;990047177870205510
436;UM1014617;990064662810205510
437;UM1005600;990057912440205510
438;UM1008926;990059909560205510
439;UM1005501;990044109460205510
440;UM1008139;990058181540205510
441;UM1006998;990062678310205510
442;UM1005817;990058324240205510
443;UM524322;990017807430205510
444;UM520687;990012998270205510
445;UM520644;990020213410205510
446;UM1003345;990059544040205510
447;UM520673;990004743230205510
448;EM000005531486;990040648170205510
449;UM520732;990020573560205510
450;UM520723;990051514490205510
451;UM513617;990045368980205510
452;UM584620;990057375510205510
453;UM634894;990049267180205510
454;EM000005533781;990051531830205510
455;EM000008679106;990107924540205510
456;E97E1;'bib_data'
457;UM1014610;990073602160205510
458;UM1012906;990074281630205510
459;UM586652;990057336140205510
460;UM633996;990057386570205510
461;UM1014848;990075894680205510
462;UM1015440;990101688630205510
463;UM1007971;990066471060205510
464;UM586458;990019753810205510
465;UM633156;990044600200205510
466;UM633157;990057384380205510
467;UM582924;990020247620205510
468;UM633158;990042414870205510
469;UM1008075;990057736910205510
470;UM633735;990045733830205510
471;UM633736;990046026900205510
472;UM1012584;990066981510205510
473;UM1014866;990075952040205510
474;UM1014343;990071421390205510
475;UM1015439;990101688460205510
476;UM1015681;990104264410205510
477;UM525837;990046370560205510
478;UM633159;990057384390205510
479;UM1012586;990067808210205510
480;UM633160;990057330870205510
481;UM520014;990017813550205510
482;UM519363;990057369090205510
483;UM519364;990057369090205510
484;UM519362;990057369080205510
485;UM628541;990057369100205510
486;UM579916;990057373080205510
487;UM582700;990057374920205510
488;UM1007969;990065927790205510
489;UM520013;990017852320205510
490;UM520015;990038527440205510
491;UM1007968;990065927870205510
492;UM1005363;990057391420205510
493;UM1005387;990057391430205510
494;UM1004450;990058858140205510
495;UM1013485;990073365540205510
496;UM1014838;990075891600205510
497;UM520231;990057342980205510
498;UM514095;990045263070205510
499;UM520029;990057363180205510
500;UM1009866;990066039030205510
501;UM1008591;990059138340205510
502;UM586106;990057377900205510
503;UM632029;990057383060205510
504;UM513342;990017553850205510
505;UM1008128;990058175690205510
506;UM579791;990011604370205510
507;UM635904;990057390720205510
508;UM579291;990014531310205510
509;UM519959;990041091260205510
510;UM519945;990049520000205510
511;UM584347;990002401800205510
512;UM519933;990010541910205510
513;UM582087;990013830850205510
514;UM513129;990014044270205510
515;UM630739;990047235150205510
516;UM519961;990009516770205510
517;UM1006926;990062264610205510
518;UM1014193;990016885270205510
519;UM522502;990012598530205510
520;UM518227;990057340250205510
521;UM522523;990014831220205510
522;UM522606;990046831620205510
523;EM000006344402;990055532340205510
524;UM634593;990055532340205510
525;UM1014248;990069344800205510
526;UM1011131;990097543180205510
527;UM522795;990019942040205510
528;UM1012022;990064627050205510
529;UM1006870;990061908130205510
530;UM522650;990012580510205510
531;UM1012793;990073370330205510
532;EM000006373894;990055956150205510
533;UM522562;990057336850205510
534;EM000005533617;990020348230205510
535;UM1008329;990055374900205510
536;EM000006651119;990064994590205510
537;UM522583;990057361360205510
538;UM523795;990013299940205510
539;UM522560;990057336800205510
540;UM522582;990041859990205510
541;UM514155;990057330970205510
542;UM1013517;990046396030205510
543;UM522558;990057336770205510
544;UM1003269;990059227820205510
545;UM522796;990038547070205510
546;UM526237;990057334790205510
547;UM522568;990014280150205510
548;UM1003445;990059718050205510
549;UM1008154;990056927250205510
550;UM522561;990057336830205510
551;UM1010219;990071609040205510
552;UM523798;990012538770205510
553;EM000006651347;990063976720205510
554;UM522813;990010896000205510
555;UM522817;990057330110205510
556;UM522590;990014271730205510
557;UM1005635;990057924240205510
558;UM1011579;990100961680205510
559;UM1015612;990102540310205510
560;UM519907;990018584710205510
561;UM519918;990038680940205510
562;UM582698;990010123840205510
563;UM582699;990016561930205510
564;UM517231;990043949830205510
565;UM519976;990006983600205510
566;EM000006372590;990055751870205510
567;UM517501;990018839760205510
568;UM1004451;990058858250205510
569;UM527433;990046352910205510
570;UM584005;990011274470205510
571;UM520780;990010318080205510
572;UM1005633;990052294590205510
573;UM584007;990011916250205510
574;UM584006;990012099650205510
575;UM527991;990045418440205510
576;UM1014531;990073233530205510
577;UM513566;990057363710205510
578;UM1015431;990101685860205510
579;UM633365;990054300000205510
580;UM1015480;990102646240205510
581;UM578992;990047174440205510
582;UM513328;990057363470205510
583;UM582441;990011007070205510
584;UM520648;990057330360205510
585;UM514163;990011857760205510
586;UM579162;990047404460205510
587;UM1014779;990075707240205510
588;UM1015216;990099536620205510
589;UM582705;990057374560205510
590;UM520647;990011750730205510
591;UM1009610;990062090440205510
592;UM525041;990005969030205510
593;UM633074;990046883110205510
594;UM1008769;990043071950205510
595;UM1009955;990066697480205510
596;UM584545;990011321970205510
597;UM1014778;990075706950205510
598;EM000006373357;990055864010205510
599;EM000006373358;990055864300205510
600;EM000006373243;990055853070205510
601;EM000006373885;990055950910205510
602;EM000005531986;990049623590205510
603;EM000005531475;990043228700205510
604;EM000005531474;'bib_data'
605;EM000006652145;990052030000205510
606;UM524774;990047526360205510
607;EM000007829707;990102114990205510
608;EM000007187964;990073552260205510
609;EM000006519890;990060728140205510
610;UM519435;990057341680205510
611;UM1008469;990059046260205510
612;UM519358;990057369070205510
613;UM630076;990057381560205510
614;UM521743;990057349700205510
615;EM000006651349;990063969720205510
616;EM000006332360;990017380570205510
617;EM000006332358;990017380630205510
618;EM000006332359;990017380660205510
619;EM000006372254;990009830320205510
620;EM000006332702;990054833090205510
621;EM000006332491;990046674110205510
622;EM000006332721;'bib_data'
623;EM000008203178;'bib_data'
624;EM000006344449;990017536370205510
625;EM000005531347;990046507100205510
626;EM000006332709;990054833990205510
627;EM000006344203;990025646390205510
628;EM000006372937;990056238040205510
629;EM000006344340;990055513560205510
630;EM000006332770;990054885040205510
631;EM000006373814;990024584670205510
632;EM000006344526;990055571910205510
633;EM000005531571;990038711580205510
634;EM000006373625;990044091340205510
635;EM000005531759;990041934240205510
636;EM000005531090;990041615570205510
637;EM000006332510;990017535960205510
638;UM521000;990017535960205510
639;EM000005531442;990041134580205510
640;EM000006372084;990017300920205510
641;EM000005533480;990019915510205510
642;EM000005531359;990048930200205510
643;UM523497;990042220510205510
644;EM000005533336;990020173780205510
645;EM000005532858;990040697200205510
646;EM000005531349;990038846140205510
647;EM000007828330;990104854530205510
648;EM000005531164;990048415100205510
649;EM000007828273;990104683210205510
650;EM000005531529;990049068580205510
651;UM518152;990048270880205510
652;EM000005531651;990049170690205510
653;EM000005533759;990051531620205510
654;EM000006518595;990057008780205510
655;EM000006332757;990020620680205510
656;EM000006332573;990011750370205510
657;EM000005613021;990053999090205510
658;EM000005531240;990019799010205510
659;EM000005532162;990050093560205510
660;EM000005533645;990016052360205510
661;EM000007188869;990099102250205510
662;EM000008205489;990059512630205510
663;EM000006332387;990009274600205510
664;EM000007188872;990099101630205510
665;EM000005533963;990042436550205510
666;EM000007828417;990105101230205510
667;EM000006652149;990057669390205510
668;EM000007829708;990101906520205510
669;EM000005533861;990019404440205510
670;EM000006332902;990009170830205510
671;EM000006332603;990054751490205510
672;EM000006344322;990047463240205510
673;EM000007829874;990103472800205510
674;EM000006373322;990014455080205510
675;EM000006373052;990055833940205510
676;EM000006372065;990055190630205510
677;EM000006344089;990055157930205510
678;EM000007829709;990102586460205510
679;EM000006332689;990024920840205510
680;EM000006332841;990005720610205510
681;EM000005533767;990018520490205510
682;EM000005533877;990011979810205510
683;EM000006373251;990025864050205510
684;EM000005533762;990051531630205510
685;EM000005533764;990018559080205510
686;EM000005533770;990051531780205510
687;EM000006373049;990055833430205510
688;EM000008202676;990106051640205510
689;EM000006344181;990012038010205510
690;EM000005533772;990018338220205510
691;EM000005531530;990049068620205510
692;UM513056;990015044830205510
693;EM000006332891;990055031230205510
694;EM000005532420;990046629610205510
695;EM000006373735;990002853360205510
696;EM000005533931;990019223950205510
697;UM579142;990048316920205510
698;UM522700;990057337730205510
699;EM000008201079;990104496300205510
700;EM000006332193;990054478910205510
701;UM1013616;990057340750205510
702;UM630317;990052371180205510
703;UM519128;990057359620205510
704;UM526838;990041810960205510
705;UM584312;990042418220205510
706;UM1006542;990061290610205510
707;EM000007829441;990101072230205510
708;EM000005531302;990041140520205510
709;EM000006518027;990056350910205510
710;EM000006344956;990010674620205510
711;EM000006518671;'bib_data'
712;EM000006373662;990003650840205510
713;EM000006372935;990056236430205510
714;EM000006372118;990055228780205510
715;UM582137;990020884020205510
716;EM000006373377;990014194200205510
717;EM000006372686;990011653540205510
718;EM000005533856;990043419850205510
719;EM000006373673;990006883860205510
720;EM000006652201;990066497060205510
721;EM000005533884;990019547710205510
722;EM000005532414;990005163580205510
723;EM000006652886;990045095320205510
724;EM000006372734;990011061320205510
725;UM516043;990057368570205510
726;EM000007828596;990099979980205510
727;EM000005531364;990041140870205510
728;EM000007691149;990076265490205510
729;EM000005531223;990042843350205510
730;UM516981;990047436090205510
731;EM000006373663;990024928580205510
732;UM525852;990046368590205510
733;EM000005531657;990039284310205510
734;UM582241;990016542570205510
735;EM000006652235;990013860850205510
736;EM000007691270;990097667180205510
737;EM000006519806;990060427980205510
738;UM582304;990019027110205510
739;EM000006373795;990014361180205510
740;UM584642;990048944190205510
741;EM000006373799;990027634390205510
742;EM000006373798;990027634370205510
743;EM000006373712;990051534510205510
744;EM000006373801;990008757860205510
745;EM000006373745;990002187020205510
746;UM521851;990009131380205510
747;EM000007829978;990103862460205510
748;UM634059;990056940110205510
749;EM000008204541;990113437580205510
750;EM000006373822;990012618920205510
751;EM000006373596;990026261340205510
752;EM000006373648;990010626610205510
753;EM000005532412;990012311470205510
754;EM000005532410;990005163610205510
755;UM521835;990014988060205510
756;EM000006373680;990003604830205510
757;UM521812;990045245650205510
758;EM000005532411;990005655830205510
759;EM000006372430;990011011340205510
760;EM000005533886;990017849340205510
761;EM000005531459;990041498960205510
762;EM000005531458;990041348960205510
763;EM000006373659;990008866700205510
764;EM000006373800;990027776650205510
765;EM000006372933;990056236140205510
766;EM000005531791;990015420660205510
767;EM000005531210;990044497230205510
768;UM514977;990005511970205510
769;EM000006372959;990056240540205510
770;EM000006344957;990004899410205510
771;EM000006373810;990008757910205510
772;EM000006373805;990006807020205510
773;EM000006332688;990006087250205510
774;EM000006518021;990056337960205510
775;EM000006372774;990003454840205510
776;EM000006372915;990055943910205510
777;EM000006373617;990010467800205510
778;EM000006373802;990008757880205510
779;UM518191;990012117180205510
780;EM000006373451;990011421640205510
781;EM000005533535;990051076340205510
782;UM522443;990009485650205510
783;UM1011279;990099307120205510
784;EM000006518933;990050610370205510
785;UM518094;990019382760205510
786;EM000006373721;990046727560205510
787;EM000007691972;990102167710205510
788;EM000005531511;990020884950205510
789;EM000006344941;990010840740205510
790;UM522201;990011872490205510
791;EM000006373793;990025804820205510
792;EM000006332108;990053837550205510
793;EM000007829650;990102516320205510
794;EM000006373730;990026252680205510
795;UM578078;990011093280205510
796;EM000006372244;990005656700205510
797;UM522285;990057331120205510
798;UM522238;990012147430205510
799;EM000006372946;990056239360205510
800;EM000006332541;990016632400205510
801;UM522255;990017510000205510
802;EM000006372057;990006543750205510
803;UM578002;990002850920205510
804;EM000006373719;990003370820205510
805;EM000006373482;990010104910205510
806;UM513098;990015673690205510
807;UM522308;990009357900205510
808;UM522474;990025879690205510
809;EM000006652308;990066659160205510
810;EM000006373416;990012147780205510
811;UM522314;990057334950205510
812;EM000006518070;990056464170205510
813;EM000006373828;990012969280205510
814;EM000005532856;990018403290205510
815;UM522380;990012282810205510
816;UM522303;990010933890205510
817;EM000006373685;990055894350205510
818;EM000006372904;990001114650205510
819;EM000006373439;990011281060205510
820;EM000006372711;990010921160205510
821;EM000006372944;990056239210205510
822;EM000006373346;990032529430205510
823;EM000006373756;990001879890205510
824;EM000006372950;990056239550205510
825;EM000006373603;990008870740205510
826;EM000006373724;990008893170205510
827;EM000006373595;990032289930205510
828;EM000006332925;990012534540205510
829;EM000006372242;990015149290205510
830;EM000006332878;990014322760205510
831;EM000006372821;990008928170205510
832;EM000005533552;990039019300205510
833;EM000006652236;990009723990205510
834;EM000005532242;990050488570205510
835;EM000006372749;990003945460205510
836;EM000005532413;990013662670205510
837;EM000006344961;990004778000205510
838;EM000006373755;990017087030205510
839;EM000006344984;990010326560205510
840;EM000005532409;990005163600205510
841;EM000006373838;990012450810205510
842;EM000006652365;990058731230205510
843;EM000005531282;990017516830205510
844;EM000006373713;990025861270205510
845;UM519126;990057374440205510
846;EM000006373385;990012180150205510
847;EM000006372961;990056240820205510
848;EM000006373378;990012413760205510
849;EM000005531761;990045819780205510
850;EM000006332890;990055030890205510
851;EM000007187669;990063723110205510
852;EM000006332774;990009357510205510
853;EM000006373951;990056295840205510
854;EM000006332527;990025654190205510
855;UM518140;990010642340205510
856;EM000006652405;990068574470205510
857;EM000006332531;990016084060205510
858;EM000006332401;990014543120205510
859;EM000006373754;990024206220205510
860;EM000006372243;990009259840205510
861;EM000006332756;990005545320205510
862;UM516965;990003013530205510
863;EM000006373578;990009576900205510
864;EM000006372411;990011491730205510
865;EM000008203148;990025779990205510
866;EM000006373589;990019254790205510
867;UM1014149;990066980880205510
868;EM000005531505;990048988630205510
869;EM000006373477;990011428810205510
870;EM000006344993;990046408570205510
871;EM000005531166;990048415150205510
872;EM000006372586;990055750720205510
873;EM000006373723;990008922450205510
874;EM000006373774;990024865830205510
875;EM000006373644;990025250670205510
876;EM000006332514;990010084380205510
877;EM000005531987;990049623600205510
878;EM000008204904;990113632660205510
879;EM000006373491;990055872280205510
880;EM000006651241;990059940830205510
881;EM000005531062;990044107290205510
882;EM000006650675;990055390520205510
883;EM000006373129;990017994290205510
884;EM000006372901;990001998180205510
885;EM000005531849;990041533130205510
886;EM000008202754;990105843250205510
887;EM000006344949;990010546700205510
888;EM000005532939;990053301780205510
889;BARCODE;'bib_data'
890;EM000008205668;99116991388805510
891;EM000006650034;990057197540205510
892;EM000006650664;990049098360205510
893;EM000008203109;990108630180205510
894;EM000006650633;990057427320205510
895;EM000007187279;990066202200205510
896;EM000006344013;990013847320205510
897;EM000006372671;990010413090205510
898;EM000006344506;990047144830205510
899;EM000006372717;990018521500205510
900;EM000006372720;990011278040205510
901;EM000006372784;990002474590205510
902;EM000006650627;990061441970205510
903;EM000006373837;990013521760205510
904;EM000008201237;990105157870205510
905;EM000005531955;990041479680205510
906;EM000006372902;990008677250205510
907;EM000006373124;990013331040205510
908;EM000006372703;990011198510205510
909;EM000006373123;990015668800205510
910;UM521891;990057354770205510
911;UM521889;990014265210205510
912;EM000006652333;990067202230205510
913;EM000007691065;990076033120205510
914;UM524749;990043626680205510
915;UM629989;990057382970205510
916;EM000006518604;990045369660205510
917;UM518635;990057346110205510
918;UM578938;990011028800205510
919;UM630164;990045260330205510
920;UM518570;990018402500205510
921;UM578944;990009572300205510
922;UM519127;990038566880205510
923;UM518576;990020589680205510
924;UM578943;990012001110205510
925;UM518256;990057363750205510
926;UM518574;990019437140205510
927;UM518580;990038320910205510
928;UM518568;990015133950205510
929;UM578941;990011397340205510
930;UM518575;990020589670205510
931;UM518579;990038145340205510
932;UM518623;990049449800205510
933;UM518624;990017805250205510
934;UM578939;990005940250205510
935;UM518569;990015809970205510
936;UM513611;990044989370205510
937;UM578940;990008901720205510
938;UM527062;990046266710205510
939;UM582119;990015833210205510
940;EM000006373573;990009434230205510
941;EM000006373133;990015434170205510
942;UM518245;990057359690205510
943;UM518248;990057359710205510
944;EM000005533565;990051079120205510
945;EM000006373731;990025898930205510
946;UM521786;990016863680205510
947;UM579846;990005552960205510
948;UM579850;990003679410205510
949;UM579848;990003679420205510
950;UM579845;990006976430205510
951;UM579849;990003679430205510
952;UM579847;990005042140205510
953;UM1003941;990052446850205510
954;UM519134;990057360860205510
955;UM519135;990057360850205510
956;EM000006344947;990015758400205510
957;EM000006372692;990011340860205510
958;EM000006372695;990011035810205510
959;EM000005532109;990049501310205510
960;UM578934;990010334600205510
961;UM1011592;990101044260205510
962;EM000005533778;990014503580205510
963;UM518257;990057363070205510
964;EM000008202560;990103994140205510
965;UM518801;990011391150205510
966;UM518800;990006539490205510
967;UM582048;990009683170205510
968;UM519131;990040819150205510
969;UM518515;990014351440205510
970;UM519359;990057369070205510
971;EM000006518360;990056758210205510
972;UM1006879;990061810670205510
973;UM1006878;990061810670205510
974;UM517465;990041140870205510
975;UM1014393;990071772660205510
976;UM525885;990047504400205510
977;UM1005622;990057923730205510
978;UM519731;990013744200205510
979;UM519732;990013744200205510
980;UM637267;990057333100205510
981;EM000006372443;990010777700205510
982;EM000006373483;990010104910205510
983;UM1008874;990058880680205510
984;EM000005531988;990046084410205510
985;EM000005531989;990049623610205510
986;EM000007187447;990066355660205510
987;EM000007187914;990064272640205510
988;EM000006650630;990054340420205510
989;EM000006518870;990057294130205510
990;UM1012691;990055502920205510
991;UM518871;990057341450205510
992;UM518735;990013627580205510
993;UM582354;990057332150205510
994;UM584224;990005246920205510
995;UM582859;990047471060205510
996;UM518894;990014540140205510
997;UM1007026;990060905890205510
998;UM582156;990057373530205510
999;UM578080;990009097400205510
1000;UM1014215;990067536300205510
1001;UM518975;990057345690205510
1002;UM518957;990016091740205510
1003;UM519038;990017590370205510
1004;UM1010001;990067161610205510
1005;UM582485;990057373950205510
1006;UM1012435;990066038960205510
1007;EM000007828407;990105092850205510
1008;UM582113;990006290880205510
1009;UM1010196;990071473460205510
1010;UM633378;990053785640205510
1011;UM518803;990013283630205510
1012;UM519061;990041861670205510
1013;UM518247;990057359700205510
1014;UM518567;990015133930205510
1015;UM518566;990013807840205510
1016;UM1005618;990057923450205510
1017;UM518851;990013471360205510
1018;UM1012609;990068560360205510
1019;UM584201;990009012960205510
1020;UM586331;990040083400205510
1021;UM518582;990038779050205510
1022;UM518565;990009069950205510
1023;UM578945;990009173630205510
1024;UM518571;990018402470205510
1025;UM582198;990057373580205510
1026;UM518585;990042159320205510
1027;UM518577;990020452250205510
1028;UM578942;990006338940205510
1029;UM518573;990019039860205510
1030;UM518791;990057330200205510
1031;UM519542;990015056950205510
1032;UM525100;990011910610205510
1033;UM584329;990006319960205510
1034;UM1011462;990100672200205510
1035;UM519544;990019543610205510
1036;EM000005531279;990044503600205510
1037;UM527680;990041844160205510
1038;EM000007187081;990065387110205510
1039;EM000005531281;990014092850205510
1040;UM518946;990016742820205510
1041;UM582166;990020123050205510
1042;UM518667;'bib_data'
1043;UM514581;990013950570205510
1044;UM523708;990009487770205510
1045;UM518788;990006108130205510
1046;UM518817;990006859130205510
1047;UM524456;990057353390205510
1048;UM586338;990057378520205510
1049;EM000006373911;990044836900205510
1050;UM518815;990006299670205510
1051;UM1014326;990057391450205510
1052;UM1009337;990063440420205510
1053;UM519540;990011153020205510
1054;UM1013106;990066946610205510
1055;UM579908;990057373040205510
1056;UM1006140;990060662060205510
1057;UM1014395;990071777220205510
1058;UM519428;990018384330205510
1059;UM1014189;990066538090205510
1060;EM000008203702;99116870588005510
1061;UM518243;990058743510205510
1062;UM634011;990051961880205510
1063;UM519125;990038965450205510
1064;UM519129;990057333880205510
1065;UM582017;990006371720205510
1066;UM1012172;990064960380205510
1067;UM519616;990043117920205510
1068;UM1014264;990069759770205510
1069;UM582413;990038389320205510
1070;UM1006461;990060148760205510
1071;UM518446;990012698710205510
1072;UM584845;990047549600205510
1073;UM582201;990038783810205510
1074;UM1014259;990070298480205510
1075;UM519043;990057360770205510
1076;UM584225;990004955670205510
1077;UM1014274;990069614590205510
1078;UM519630;990017421620205510
1079;UM524625;990053764940205510
1080;UM524531;990057335970205510
1081;UM519629;990057335660205510
1082;UM584622;990053764980205510
1083;UM584631;990042999990205510
1084;UM584625;990045926650205510
1085;UM582905;990053765030205510
1086;UM527362;990057369320205510
1087;UM579833;990057372950205510
1088;UM519556;990012937350205510
1089;UM579829;990057372920205510
1090;UM1008652;990059192520205510
1091;UM1012049;990064636750205510
1092;UM519130;990042575510205510
1093;EM000008201858;990059928850205510
1094;UM518223;990057346270205510
1095;UM629190;990057381290205510
1096;UM522719;990057338090205510
1097;UM519745;990057354620205510
1098;UM519746;990057354620205510
1099;UM519578;990015598300205510
1100;UM1009040;990038370950205510
1101;UM1003266;990062559370205510
1102;UM1006969;990062559410205510
1103;UM630293;990057382080205510
1104;UM518249;990020103090205510
1105;UM518811;990013750050205510
1106;UM519552;990012019530205510
1107;UM586330;990050884060205510
1108;UM584363;990017032500205510
1109;UM519670;990057351020205510
1110;UM518252;990057360340205510
1111;UM526823;990057355080205510
1112;UM518244;990057359680205510
1113;UM1009905;990054255210205510
1114;UM518246;990057359610205510
1115;UM518736;990038170730205510
1116;UM518254;990040838930205510
1117;UM518255;990040838930205510
1118;UM522675;990057368970205510
1119;UM513249;990057356700205510
1120;UM1014345;990070271230205510
1121;UM519562;990039060730205510
1122;UM513064;990044809270205510
1123;UM1003138;990059045870205510
1124;UM519212;990015097700205510
1125;UM516297;990045317260205510
1126;UM630543;990057382640205510
1127;UM630546;990052490940205510
1128;UM518802;990006539580205510
1129;UM586329;990052157840205510
1130;UM514197;990045607320205510
1131;EM000005531277;990045249750205510
1132;UM518405;990043899820205510
1133;UM1006449;990061144350205510
1134;UM518756;990006287950205510
1135;EM000007187253;990067344700205510
1136;UM630004;990057381260205510
1137;UM518584;990041111240205510
1138;UM521844;990013670430205510
1139;UM586335;990040846590205510
1140;UM518392;990057365720205510
1141;UM527364;990045386180205510
1142;EM000008202123;990046699510205510
1143;UM1008906;990059842330205510
1144;EM000006518817;990056787140205510
1145;EM000007188575;990073552310205510
1146;UM1003827;990059274960205510
1147;UM519466;990040985670205510
1148;EM000006332192;990019981050205510
1149;EM000007187890;990068192370205510
1150;EM000005531346;990048897480205510
1151;UM1012146;990064959630205510
1152;EM000006344991;990010982890205510
1153;EM000006372872;990044792110205510
1154;UM518358;990038125540205510
1155;UM1011069;990075904920205510
1156;EM000006520049;990057395540205510
1157;UM630955;990057383750205510
1158;UM630616;990056733210205510
1159;UM513289;990057358710205510
1160;UM1005364;990055913100205510
1161;UM517840;990045375160205510
1162;UM1003601;990059886210205510
1163;UM518287;990057340450205510
1164;UM518771;990013471420205510
1165;UM521638;990057360930205510
1166;EM000006373847;990006941310205510
1167;UM518435;990006941310205510
1168;EM000008678399;990108666530205510
1169;UM585959;990057381320205510
1170;UM523668;990057351030205510
1171;EM000006372766;990010379070205510
1172;UM582760;990042178490205510
1173;UM1005106;990057068570205510
1174;EM000008201609;990106153770205510
1175;EM000006372882;990009168010205510
1176;UM518258;990044830990205510
1177;UM1008219;990058088930205510
1178;UM1005279;990057391180205510
1179;UM582734;990016939140205510
1180;UM579832;990010537410205510
1181;UM586340;990057378540205510
1182;UM1006674;990056533030205510
1183;UM1010000;990067161230205510
1184;UM518259;990042356730205510
1185;EM000008203604;990115323930205510
1186;UM518572;990019437030205510
1187;UM586343;990053659510205510
1188;UM586762;990057380060205510
1189;UM1005896;990058631900205510
1190;UM1008218;990058088730205510
1191;UM519121;990057357490205510
1192;UM1004810;990059748760205510
1193;UM1009962;990066598080205510
1194;UM521637;990019371900205510
1195;UM519493;990050093530205510
1196;UM519494;990050093530205510
1197;UM519467;990041156990205510
1198;UM519421;990039131180205510
1199;UM513296;990057359510205510
1200;UM519395;990017773540205510
1201;UM519403;990013892570205510
1202;UM518531;990038656540205510
1203;UM579682;990057372300205510
1204;UM586333;990050883320205510
1205;UM519417;990017751830205510
1206;UM524303;990057344790205510
1207;UM519446;990057353830205510
1208;UM628461;990050582380205510
1209;UM1014777;990073663050205510
1210;UM1011101;990073393590205510
1211;UM1014147;990066053520205510
1212;UM1006304;990060925370205510
1213;UM519433;990057350740205510
1214;UM1009613;990064717630205510
1215;UM1007687;990063675840205510
1216;UM1008551;990059046110205510
1217;UM1013192;990066863680205510
1218;UM1010098;990052757950205510
1219;UM1011731;990099935550205510
1220;UM582918;990047736920205510
1221;UM527375;990057435880205510
1222;UM518583;990041033260205510
1223;UM1014759;990073040230205510
1224;UM582604;990009120010205510
1225;UM524310;990057354690205510
1226;UM527415;990019960200205510
1227;UM519489;990008896650205510
1228;UM524017;990057344100205510
1229;UM527690;990057370250205510
1230;UM586334;990042004360205510
1231;UM579134;990047041660205510
1232;UM1005702;990047311420205510
1233;UM518449;990013634460205510
1234;UM518462;990042529000205510
1235;UM634054;990050575310205510
1236;UM513290;990017797220205510
1237;UM518452;990019638980205510
1238;UM525091;990014492170205510
1239;EM000006372677;990008889010205510
1240;EM000007188185;990064909680205510
1241;EM000005533838;990018218250205510
1242;EM000006344958;990025125240205510
1243;EM000006518304;990056682160205510
1244;EM000006518305;990056682160205510
1245;EM000006518639;990045050930205510
1246;EM000006372748;990046625120205510
1247;UM578937;990010911810205510
1248;EM000005531766;990015655230205510
1249;EM000006373475;990008799410205510
1250;UM1006022;990060082060205510
1251;EM000006372685;990011576310205510
1252;EM000006518873;990057281170205510
1253;EM000006373581;990014351770205510
1254;EM000005533892;990051559240205510
1255;EM000007691061;990072228880205510
1256;UM1010603;990097539050205510
1257;UM1006063;990060368190205510
1258;EM000005531345;990040045870205510
1259;EM000007187550;990070154110205510
1260;EM000006372762;990003563760205510
1261;EM000007691063;990075846310205510
1262;EM000007691062;990057949010205510
1263;EM000007691167;990076253190205510
1264;EM000006373601;990006331650205510
1265;EM000005531276;990048559150205510
1266;EM000007187665;990071579840205510
1267;UM517750;990020833750205510
1268;EM000005533814;990018046930205510
1269;EM000005531316;990048897420205510
1270;EM000005531315;990048897410205510
1271;EM000006372741;990003669730205510
1272;EM000006651316;990063789860205510
1273;UM1012003;990063789860205510
1274;UM1012004;990063789860205510
1275;EM000006372768;990024995690205510
1276;EM000006373345;990013654190205510
1277;EM000005533024;990049623750205510
1278;EM000005531492;990048988410205510
1279;EM000006518420;990000402600205510
1280;EM000005533909;990051661500205510
1281;UM1010206;990070879100205510
1282;UM1012143;990063922090205510
